elapsed_sec,file,result
5.1,shot-01-at0005s.ppm,True
8.6,shot-02-at0008s.ppm,True
12.1,shot-03-at0012s.ppm,True
15.6,shot-04-at0015s.ppm,True
19.1,shot-05-at0019s.ppm,True
22.6,shot-06-at0022s.ppm,True
26.1,shot-07-at0026s.ppm,True
29.6,shot-08-at0029s.ppm,True
33.1,shot-09-at0033s.ppm,True
36.6,shot-10-at0036s.ppm,True
40.1,shot-11-at0040s.ppm,True
43.6,shot-12-at0043s.ppm,True
47.1,shot-13-at0047s.ppm,True
50.6,shot-14-at0050s.ppm,True
54.1,shot-15-at0054s.ppm,True
57.6,shot-16-at0057s.ppm,True
61.1,shot-17-at0061s.ppm,True
64.6,shot-18-at0064s.ppm,True
68.1,shot-19-at0068s.ppm,True
71.6,shot-20-at0071s.ppm,True
75.1,shot-21-at0075s.ppm,True
78.6,shot-22-at0078s.ppm,True
82.1,shot-23-at0082s.ppm,True
85.6,shot-24-at0085s.ppm,True
89.1,shot-25-at0089s.ppm,True
92.6,shot-26-at0092s.ppm,True
96.1,shot-27-at0096s.ppm,True
99.6,shot-28-at0099s.ppm,True
103.1,shot-29-at0103s.ppm,True
106.6,shot-30-at0106s.ppm,True
110.1,shot-31-at0110s.ppm,True
113.6,shot-32-at0113s.ppm,True
117.1,shot-33-at0117s.ppm,True
123.5,shot-34-final.ppm,True
