elapsed_sec,epoch_sec,pid,user_cpu_sec,system_cpu_sec,total_cpu_sec,avg_cpu_percent,rss_kb,minflt,majflt,voluntary_ctxt_switches,nonvoluntary_ctxt_switches
0.001,1790927971.914,90601,1.620,0.100,1.720,144225.972,182076.000,56676.000,0.000,271.000,4.000
1.002,1790927972.915,90601,3.780,0.270,4.050,404.321,216192.000,57965.000,0.000,1762.000,5.000
2.002,1790927973.915,90601,5.010,0.530,5.540,276.714,223164.000,58200.000,0.000,2969.000,5.000
3.002,1790927974.915,90601,6.150,0.720,6.870,228.817,235600.000,58214.000,0.000,4962.000,5.000
4.003,1790927975.916,90601,7.260,1.000,8.260,206.360,247908.000,58220.000,0.000,7832.000,5.000
5.003,1790927976.916,90601,8.460,1.230,9.690,193.681,252020.000,58223.000,0.000,10216.000,5.000
6.003,1790927977.916,90601,9.570,1.370,10.940,182.230,260212.000,58227.000,0.000,12817.000,5.000
7.004,1790927978.917,90601,10.710,1.500,12.210,174.334,270456.000,58232.000,0.000,15501.000,5.000
8.004,1790927979.917,90601,11.890,1.650,13.540,169.161,280828.000,58257.000,0.000,18159.000,5.000
9.005,1790927980.918,90601,13.110,2.000,15.110,167.804,289140.000,58306.000,0.000,21262.000,5.000
10.005,1790927981.918,90601,14.350,2.380,16.730,167.216,293356.000,58348.000,0.000,24308.000,5.000
11.005,1790927982.918,90601,15.490,2.600,18.090,164.374,304068.000,58484.000,0.000,26174.000,5.000
12.006,1790927983.919,90601,16.520,2.600,19.120,159.258,304196.000,58510.000,0.000,26438.000,5.000
13.006,1790927984.919,90601,17.550,2.630,20.180,155.160,304580.000,58618.000,0.000,26720.000,5.000
14.006,1790927985.919,90601,18.590,2.640,21.230,151.576,304580.000,58618.000,0.000,26985.000,5.000
15.006,1790927986.919,90601,19.630,2.650,22.280,148.469,304580.000,58619.000,0.000,27253.000,5.000
16.007,1790927987.920,90601,20.860,2.710,23.570,147.249,306500.000,59183.000,0.000,27742.000,5.000
17.007,1790927988.920,90601,22.290,2.830,25.120,147.702,316900.000,59212.000,0.000,28651.000,5.000
18.008,1790927989.921,90601,23.770,2.910,26.680,148.160,329216.000,59218.000,0.000,29711.000,5.000
19.008,1790927990.921,90601,25.280,3.000,28.280,148.780,337408.000,59222.000,0.000,30723.000,5.000
20.008,1790927991.921,90601,26.600,3.080,29.680,148.339,347672.000,59227.000,0.000,31873.000,5.000
21.009,1790927992.922,90601,27.960,3.150,31.110,148.082,358680.000,59451.000,0.000,33103.000,5.000
22.009,1790927993.922,90601,28.490,3.250,31.740,144.212,371096.000,59553.000,0.000,33691.000,5.000
23.010,1790927994.923,90601,29.360,3.400,32.760,142.374,374760.000,60908.000,0.000,34532.000,5.000
24.010,1790927995.923,90601,29.420,3.400,32.820,136.691,374760.000,60908.000,0.000,35416.000,5.000
25.011,1790927996.924,90601,29.730,3.470,33.200,132.742,376856.000,60913.000,0.000,36078.000,5.000
26.011,1790927997.924,90601,29.800,3.470,33.270,127.905,376856.000,60913.000,0.000,36330.000,5.000
27.012,1790927998.925,90601,29.860,3.480,33.340,123.427,376856.000,60913.000,0.000,36580.000,5.000
28.013,1790927999.926,90601,29.920,3.480,33.400,119.231,376856.000,60920.000,0.000,36835.000,5.000
29.013,1790928000.926,90601,29.990,3.480,33.470,115.360,376856.000,60920.000,0.000,37095.000,6.000
30.014,1790928001.927,90601,30.050,3.480,33.530,111.715,376856.000,60921.000,0.000,37342.000,6.000
31.015,1790928002.928,90601,30.110,3.480,33.590,108.303,376856.000,60921.000,0.000,37590.000,6.000
32.016,1790928003.929,90601,30.170,3.490,33.660,105.136,376856.000,60921.000,0.000,37839.000,6.000
33.016,1790928004.929,90601,31.000,3.600,34.600,104.797,378904.000,60922.000,0.000,38547.000,6.000
34.017,1790928005.929,90601,31.090,3.610,34.700,102.009,378904.000,60922.000,0.000,39415.000,6.000
35.017,1790928006.930,90601,32.530,3.870,36.400,103.950,393596.000,61001.000,0.000,40972.000,6.000
36.017,1790928007.930,90601,34.150,4.190,38.340,106.449,424904.000,61113.000,0.000,42088.000,6.000
37.018,1790928008.931,90601,36.370,4.700,41.070,110.947,451028.000,63328.000,0.000,43671.000,7.000
38.018,1790928009.931,90601,38.950,5.250,44.200,116.260,463980.000,64066.000,0.000,45001.000,7.000
39.019,1790928010.931,90601,41.020,5.890,46.910,120.225,472664.000,64210.000,0.000,46065.000,7.000
40.019,1790928011.932,90601,43.260,6.400,49.660,124.091,497836.000,64344.000,0.000,46800.000,7.000
41.019,1790928012.932,90601,45.630,7.050,52.680,128.428,516872.000,64502.000,0.000,48373.000,7.000
42.020,1790928013.933,90601,48.150,7.390,55.540,132.176,527164.000,64550.000,0.000,50079.000,7.000
43.020,1790928014.933,90601,50.560,7.810,58.370,135.681,537572.000,64581.000,0.000,51194.000,7.000
44.021,1790928015.934,90601,52.850,8.280,61.130,138.867,546848.000,64865.000,0.000,52163.000,7.000
45.021,1790928016.934,90601,55.560,8.550,64.110,142.400,553532.000,65010.000,0.000,52858.000,7.000
46.021,1790928017.934,90601,58.950,8.820,67.770,147.258,560600.000,65258.000,0.000,54448.000,7.000
47.022,1790928018.935,90601,62.160,9.140,71.300,151.632,575496.000,67535.000,0.000,56284.000,7.000
48.022,1790928019.935,90601,64.870,9.530,74.400,154.928,586300.000,67713.000,0.000,58439.000,7.000
49.023,1790928020.936,90601,67.270,9.960,77.230,157.539,598604.000,68242.000,0.000,60750.000,7.000
50.023,1790928021.936,90601,69.710,10.430,80.140,160.206,607448.000,68412.000,0.000,62809.000,7.000
51.024,1790928022.937,90601,72.000,10.820,82.820,162.317,622208.000,69588.000,0.000,65028.000,7.000
52.024,1790928023.937,90601,75.110,11.090,86.200,165.693,624476.000,69647.000,0.000,67401.000,11.000
53.024,1790928024.937,90601,77.820,11.470,89.290,168.395,641284.000,69725.000,0.000,69068.000,11.000
54.025,1790928025.938,90601,80.980,11.660,92.640,171.477,643716.000,69842.000,0.000,70003.000,13.000
55.025,1790928026.938,90601,83.650,11.830,95.480,173.521,643972.000,69925.000,0.000,70617.000,13.000
56.025,1790928027.938,90601,86.310,12.020,98.330,175.510,656860.000,70081.000,0.000,71155.000,13.000
57.026,1790928028.939,90601,89.100,12.160,101.260,177.569,656860.000,70082.000,0.000,71814.000,14.000
58.026,1790928029.939,90601,91.580,12.380,103.960,179.160,658908.000,70083.000,0.000,72679.000,14.000
59.027,1790928030.940,90601,94.360,12.540,106.900,181.104,658908.000,70094.000,0.000,73366.000,14.000
60.027,1790928031.940,90601,96.650,12.810,109.460,182.351,665368.000,70131.000,0.000,74483.000,14.000
61.028,1790928032.941,90601,98.880,13.190,112.070,183.638,669792.000,70222.000,0.000,76245.000,14.000
62.028,1790928033.941,90601,100.860,13.580,114.440,184.497,684504.000,70341.000,0.000,78523.000,14.000
63.028,1790928034.941,90601,102.000,13.710,115.710,183.584,695312.000,70519.000,0.000,79629.000,14.000
64.029,1790928035.942,90601,103.170,13.900,117.070,182.840,706328.000,70728.000,0.000,81450.000,14.000
65.029,1790928036.942,90601,104.310,14.050,118.360,182.011,723976.000,71590.000,0.000,83111.000,14.000
66.030,1790928037.943,90601,105.990,14.380,120.370,182.297,742536.000,71624.000,0.000,85881.000,14.000
67.030,1790928038.943,90601,107.610,14.650,122.260,182.396,754980.000,71680.000,0.000,88704.000,14.000
68.030,1790928039.943,90601,109.200,15.060,124.260,182.653,767728.000,71835.000,0.000,91528.000,14.000
69.031,1790928040.944,90601,111.020,15.420,126.440,183.165,776728.000,72063.000,0.000,93778.000,14.000
70.031,1790928041.944,90601,113.130,15.730,128.860,184.004,802320.000,76582.000,0.000,95859.000,14.000
71.032,1790928042.945,90601,114.720,15.950,130.670,183.960,821792.000,76820.000,0.000,97806.000,14.000
72.032,1790928043.945,90601,116.360,16.330,132.690,184.210,837732.000,77248.000,0.000,100418.000,14.000
73.032,1790928044.945,90601,118.080,16.650,134.730,184.480,848528.000,77409.000,0.000,102671.000,15.000
74.033,1790928045.946,90601,119.630,16.900,136.530,184.418,863204.000,77519.000,0.000,104619.000,15.000
75.033,1790928046.946,90601,120.930,17.140,138.070,184.012,878236.000,77686.000,0.000,107036.000,15.000
76.033,1790928047.946,90601,122.160,17.300,139.460,183.419,893584.000,78503.000,0.000,108901.000,15.000
77.034,1790928048.947,90601,123.410,17.490,140.900,182.907,904676.000,78714.000,0.000,111603.000,15.000
78.034,1790928049.947,90601,124.530,17.670,142.200,182.228,926428.000,79076.000,0.000,113676.000,16.000
79.035,1790928050.948,90601,125.710,17.810,143.520,181.591,946224.000,79941.000,0.000,115475.000,16.000
80.035,1790928051.948,90601,126.880,17.920,144.800,180.921,959660.000,80255.000,0.000,117035.000,16.000
81.035,1790928052.948,90601,128.140,18.120,146.260,180.489,979084.000,80523.000,0.000,119381.000,18.000
82.036,1790928053.949,90601,129.740,18.460,148.200,180.653,994140.000,80707.000,0.000,121869.000,18.000
83.036,1790928054.949,90601,131.290,18.770,150.060,180.716,1010432.000,81265.000,0.000,124668.000,18.000
84.036,1790928055.949,90601,132.920,18.990,151.910,180.767,1028848.000,81800.000,0.000,127090.000,18.000
85.037,1790928056.950,90601,134.230,19.030,153.260,180.228,1029232.000,81892.000,0.000,127515.000,18.000
86.037,1790928057.950,90601,135.880,19.130,155.010,180.166,1033328.000,81900.000,0.000,128044.000,18.000
87.037,1790928058.950,90601,136.920,19.140,156.060,179.302,1033328.000,81900.000,0.000,128384.000,18.000
88.038,1790928059.951,90601,137.970,19.150,157.120,178.469,1033456.000,81929.000,0.000,128810.000,18.000
89.038,1790928060.951,90601,139.070,19.160,158.230,177.710,1033584.000,81966.000,0.000,129106.000,18.000
90.038,1790928061.951,90601,140.100,19.160,159.260,176.880,1033584.000,81972.000,0.000,129401.000,18.000
91.039,1790928062.952,90601,141.150,19.180,160.330,176.112,1033584.000,81982.000,0.000,129816.000,18.000
92.039,1790928063.952,90601,142.190,19.180,161.370,175.328,1033712.000,81996.000,0.000,130096.000,18.000
93.039,1790928064.952,90601,143.260,19.190,162.450,174.604,1033712.000,82008.000,0.000,130725.000,18.000
94.040,1790928065.953,90601,144.320,19.200,163.520,173.884,1033712.000,82008.000,0.000,131612.000,18.000
95.040,1790928066.953,90601,145.380,19.210,164.590,173.180,1033712.000,82012.000,0.000,132502.000,18.000
96.040,1790928067.953,90601,146.450,19.220,165.670,172.501,1033712.000,82012.000,0.000,133398.000,18.000
97.040,1790928068.953,90601,147.520,19.240,166.760,171.846,1033712.000,82012.000,0.000,134325.000,18.000
98.041,1790928069.954,90601,148.580,19.250,167.830,171.184,1033712.000,82016.000,0.000,135230.000,18.000
99.041,1790928070.954,90601,149.650,19.270,168.920,170.556,1033840.000,82037.000,0.000,136134.000,18.000
100.041,1790928071.954,90601,150.720,19.280,170.000,169.930,1033968.000,82071.000,0.000,137065.000,18.000
101.042,1790928072.955,90601,152.210,19.360,171.570,169.801,1039656.000,82421.000,0.000,137909.000,18.000
102.042,1790928073.955,90601,153.750,19.430,173.180,169.714,1040424.000,82596.000,0.000,138349.000,18.000
103.042,1790928074.955,90601,154.840,19.440,174.280,169.134,1040424.000,82621.000,0.000,138626.000,18.000
104.043,1790928075.956,90601,155.890,19.440,175.330,168.517,1040424.000,82629.000,0.000,138914.000,18.000
105.043,1790928076.956,90601,156.940,19.450,176.390,167.922,1040424.000,82629.000,0.000,139193.000,18.000
106.043,1790928077.956,90601,158.190,19.550,177.740,167.611,1044300.000,83078.000,0.000,139917.000,18.000
107.044,1790928078.957,90601,159.940,19.820,179.760,167.931,1057236.000,83298.000,0.000,141985.000,19.000
108.044,1790928079.957,90601,161.710,20.180,181.890,168.348,1069828.000,83372.000,0.000,144423.000,19.000
109.044,1790928080.957,90601,163.720,20.550,184.270,168.986,1092652.000,83559.000,0.000,146918.000,19.000
110.045,1790928081.958,90601,165.650,20.890,186.540,169.513,1108052.000,83776.000,0.000,149614.000,19.000
111.045,1790928082.958,90601,167.620,21.270,188.890,170.102,1144232.000,92503.000,0.000,152195.000,19.000
112.046,1790928083.959,90601,169.460,21.650,191.110,170.564,1152696.000,92585.000,0.000,154784.000,19.000
113.046,1790928084.959,90601,171.490,22.160,193.650,171.302,1167252.000,92698.000,0.000,157698.000,19.000
114.046,1790928085.959,90601,173.690,22.760,196.450,172.254,1174156.000,92891.000,0.000,160468.000,19.000
115.047,1790928086.960,90601,176.000,23.270,199.270,173.208,1182028.000,93348.000,0.000,163281.000,19.000
116.047,1790928087.960,90601,178.130,23.800,201.930,174.007,1205256.000,93541.000,0.000,166081.000,19.000
117.048,1790928088.961,90601,180.530,24.260,204.790,174.963,1215168.000,94011.000,0.000,168594.000,19.000
118.048,1790928089.961,90601,183.130,24.730,207.860,176.081,1230776.000,94402.000,0.000,171249.000,19.000
119.048,1790928090.961,90601,185.420,25.280,210.700,176.987,1244936.000,94858.000,0.000,174242.000,19.000
120.049,1790928091.962,90601,187.650,25.810,213.460,177.811,1261860.000,95000.000,0.000,177231.000,20.000
121.049,1790928092.962,90601,189.820,26.290,216.110,178.531,1268228.000,95100.000,0.000,180357.000,20.000
122.050,1790928093.963,90601,191.940,26.820,218.760,179.238,1289644.000,95913.000,0.000,183223.000,20.000
123.050,1790928094.963,90601,193.970,27.300,221.270,179.821,1302340.000,96004.000,0.000,185911.000,20.000
124.051,1790928095.964,90601,196.060,27.670,223.730,180.354,1325868.000,96884.000,0.000,187884.000,21.000
125.051,1790928096.964,90601,198.080,28.090,226.170,180.862,1343180.000,97185.000,0.000,190092.000,23.000
126.051,1790928097.964,90601,199.970,28.470,228.440,181.228,1358760.000,97562.000,0.000,191906.000,24.000
127.052,1790928098.965,90601,201.790,28.790,230.580,181.485,1371908.000,97792.000,0.000,194030.000,24.000
128.052,1790928099.965,90601,203.680,29.090,232.770,181.778,1387408.000,98170.000,0.000,196308.000,24.000
129.052,1790928100.965,90601,205.750,29.430,235.180,182.236,1406540.000,98368.000,0.000,198783.000,24.000
130.053,1790928101.966,90601,207.610,29.750,237.360,182.510,1436736.000,98775.000,0.000,201295.000,25.000
131.053,1790928102.966,90601,209.670,30.110,239.780,182.964,1463656.000,100471.000,0.000,203296.000,25.000
132.053,1790928103.966,90601,211.830,30.460,242.290,183.479,1486232.000,101032.000,0.000,204813.000,25.000
133.054,1790928104.967,90601,213.520,30.770,244.290,183.602,1526624.000,102445.000,0.000,206422.000,25.000
134.054,1790928105.967,90601,215.470,30.950,246.420,183.821,1549460.000,103118.000,0.000,207479.000,25.000
135.055,1790928106.968,90601,216.620,31.030,247.650,183.370,1563332.000,103517.000,0.000,208126.000,25.000
136.055,1790928107.968,90601,218.060,31.100,249.160,183.132,1565380.000,104032.000,0.000,208910.000,25.000
137.055,1790928108.968,90601,219.470,31.160,250.630,182.868,1572796.000,104321.000,0.000,209478.000,25.000
138.056,1790928109.969,90601,220.790,31.230,252.020,182.550,1575236.000,104428.000,0.000,210192.000,25.000
139.056,1790928110.969,90601,222.040,31.280,253.320,182.171,1578280.000,104679.000,0.000,210888.000,25.000
140.056,1790928111.969,90601,223.320,31.330,254.650,181.820,1592616.000,104688.000,0.000,211475.000,25.000
141.057,1790928112.970,90601,224.750,31.370,256.120,181.572,1593128.000,104809.000,0.000,212196.000,25.000
142.057,1790928113.970,90601,226.650,31.460,258.110,181.695,1593256.000,104860.000,0.000,213077.000,25.000
143.058,1790928114.971,90601,228.310,31.630,259.940,181.703,1603992.000,104998.000,0.000,214257.000,25.000
144.058,1790928115.971,90601,230.080,31.730,261.810,181.739,1611240.000,105807.000,0.000,215237.000,25.000
145.058,1790928116.971,90601,232.500,31.850,264.350,182.237,1618684.000,106190.000,0.000,216345.000,25.000
146.059,1790928117.972,90601,234.210,31.950,266.160,182.228,1627104.000,106276.000,0.000,217259.000,25.000
147.059,1790928118.972,90601,235.410,32.000,267.410,181.838,1629280.000,106317.000,0.000,217902.000,25.000
148.060,1790928119.972,90601,236.590,32.030,268.620,181.427,1629280.000,106317.000,0.000,218579.000,25.000
149.060,1790928120.973,90601,238.090,32.100,270.190,181.263,1631712.000,106419.000,0.000,219325.000,25.000
150.060,1790928121.973,90601,240.140,32.230,272.370,181.507,1631968.000,106497.000,0.000,220482.000,25.000
151.061,1790928122.974,90601,241.460,32.280,273.740,181.212,1634244.000,106557.000,0.000,220969.000,25.000
152.061,1790928123.974,90601,243.800,32.340,276.140,181.598,1634372.000,106605.000,0.000,221814.000,25.000
153.061,1790928124.974,90601,246.050,32.490,278.540,181.979,1638468.000,106607.000,0.000,222828.000,26.000
154.062,1790928125.975,90601,246.140,32.500,278.640,180.862,1638468.000,106607.000,0.000,223110.000,26.000
155.063,1790928126.976,90601,246.950,32.510,279.460,180.224,1640620.000,106608.000,0.000,223408.000,26.000
156.063,1790928127.976,90601,247.010,32.520,279.530,179.113,1640620.000,106608.000,0.000,223668.000,26.000
157.064,1790928128.977,90601,247.070,32.530,279.600,178.017,1640620.000,106608.000,0.000,224043.000,26.000
158.064,1790928129.977,90601,247.140,32.550,279.690,176.947,1640620.000,106608.000,0.000,224883.000,26.000
159.065,1790928130.978,90601,247.230,32.560,279.790,175.897,1640620.000,106608.000,0.000,225294.000,26.000
160.066,1790928131.979,90601,247.300,32.570,279.870,174.847,1640620.000,106608.000,0.000,225588.000,26.000
161.066,1790928132.979,90601,247.390,32.580,279.970,173.823,1640620.000,106608.000,0.000,226083.000,26.000
162.067,1790928133.980,90601,247.460,32.590,280.050,172.799,1640620.000,106608.000,0.000,226936.000,26.000
163.067,1790928134.980,90601,247.560,32.610,280.170,171.812,1640620.000,106608.000,0.000,227801.000,26.000
164.068,1790928135.981,90601,247.620,32.630,280.250,170.813,1640620.000,106608.000,0.000,228646.000,26.000
165.068,1790928136.981,90601,248.250,32.710,280.960,170.208,1642668.000,106611.000,0.000,229574.000,26.000
166.069,1790928137.982,90601,248.500,32.730,281.230,169.345,1642668.000,106611.000,0.000,229909.000,26.000
167.069,1790928138.982,90601,248.590,32.750,281.340,168.397,1642668.000,106611.000,0.000,230280.000,26.000
168.070,1790928139.983,90601,248.640,32.760,281.400,167.430,1642668.000,106611.000,0.000,230532.000,26.000
169.071,1790928140.983,90601,248.710,32.770,281.480,166.487,1642668.000,106611.000,0.000,230809.000,26.000
170.071,1790928141.984,90601,248.780,32.780,281.560,165.554,1642668.000,106611.000,0.000,231072.000,26.000
171.072,1790928142.985,90601,248.860,32.790,281.650,164.638,1642668.000,106611.000,0.000,231317.000,26.000
172.072,1790928143.985,90601,248.920,32.790,281.710,163.716,1642668.000,106611.000,0.000,231571.000,26.000
173.073,1790928144.986,90601,248.990,32.800,281.790,162.816,1642668.000,106611.000,0.000,231841.000,26.000
174.073,1790928145.986,90601,250.190,32.940,283.130,162.650,1653560.000,106824.000,0.000,233400.000,26.000
175.074,1790928146.987,90601,250.430,32.970,283.400,161.875,1655768.000,106853.000,0.000,233768.000,26.000
176.074,1790928147.987,90601,250.500,32.990,283.490,161.006,1655768.000,106853.000,0.000,234599.000,26.000
177.075,1790928148.988,90601,250.580,33.010,283.590,160.153,1655768.000,106853.000,0.000,235464.000,26.000
178.075,1790928149.988,90601,250.660,33.030,283.690,159.309,1655768.000,106853.000,0.000,236329.000,26.000
179.076,1790928150.989,90601,250.740,33.050,283.790,158.475,1655768.000,106853.000,0.000,237203.000,26.000
180.076,1790928151.989,90601,250.820,33.060,283.880,157.644,1655768.000,106855.000,0.000,238059.000,26.000
181.077,1790928152.990,90601,251.740,33.170,284.910,157.342,1657816.000,106863.000,0.000,239029.000,26.000
182.077,1790928153.990,90601,252.500,33.270,285.770,156.950,1657816.000,106863.000,0.000,240682.000,26.000
183.078,1790928154.990,90601,253.300,33.370,286.670,156.584,1661912.000,106865.000,0.000,242729.000,26.000
184.078,1790928155.991,90601,254.150,33.570,287.720,156.303,1661912.000,106865.000,0.000,246800.000,26.000
185.078,1790928156.991,90601,255.010,33.770,288.780,156.031,1661912.000,106865.000,0.000,250641.000,26.000
186.079,1790928157.992,90601,255.930,33.950,289.880,155.784,1661912.000,106865.000,0.000,253899.000,26.000
187.079,1790928158.992,90601,257.170,34.070,291.240,155.678,1663960.000,106866.000,0.000,255516.000,26.000
188.079,1790928159.992,90601,258.220,34.090,292.310,155.418,1663960.000,106866.000,0.000,256389.000,27.000
189.080,1790928160.993,90601,260.300,34.110,294.410,155.707,1664216.000,106935.000,0.000,257081.000,27.000
190.080,1790928161.993,90601,262.670,34.160,296.830,156.161,1665496.000,107278.000,0.000,257375.000,27.000
191.080,1790928162.993,90601,264.660,34.230,298.890,156.421,1666008.000,107422.000,0.000,257650.000,27.000
192.081,1790928163.994,90601,266.690,34.260,300.950,156.679,1666008.000,107422.000,0.000,257914.000,28.000
193.081,1790928164.994,90601,268.730,34.300,303.030,156.945,1666008.000,107422.000,0.000,258218.000,28.000
194.081,1790928165.994,90601,270.780,34.330,305.110,157.207,1666008.000,107422.000,0.000,258490.000,28.000
195.082,1790928166.995,90601,272.820,34.350,307.170,157.457,1666008.000,107422.000,0.000,258756.000,28.000
196.082,1790928167.995,90601,274.860,34.380,309.240,157.710,1666008.000,107422.000,0.000,259023.000,28.000
197.082,1790928168.995,90601,276.890,34.420,311.310,157.959,1666008.000,107422.000,0.000,259311.000,28.000
198.083,1790928169.996,90601,278.940,34.440,313.380,158.207,1666008.000,107422.000,0.000,259578.000,28.000
199.083,1790928170.996,90601,280.980,34.460,315.440,158.447,1666008.000,107422.000,0.000,259849.000,28.000
200.083,1790928171.996,90601,283.020,34.490,317.510,158.689,1666008.000,107422.000,0.000,260116.000,28.000
201.084,1790928172.997,90601,285.060,34.520,319.580,158.929,1666008.000,107422.000,0.000,260409.000,28.000
202.084,1790928173.997,90601,287.100,34.540,321.640,159.162,1666008.000,107422.000,0.000,260679.000,28.000
203.084,1790928174.997,90601,289.140,34.570,323.710,159.397,1666008.000,107422.000,0.000,260955.000,28.000
204.085,1790928175.997,90601,291.180,34.590,325.770,159.625,1666008.000,107422.000,0.000,261223.000,28.000
205.085,1790928176.998,90601,294.030,34.620,328.650,160.251,1668056.000,107934.000,0.000,261493.000,28.000
206.085,1790928177.998,90601,296.070,34.650,330.720,160.477,1668056.000,107934.000,0.000,261757.000,28.000
207.086,1790928178.999,90601,298.110,34.670,332.780,160.697,1668056.000,107934.000,0.000,262022.000,28.000
208.086,1790928179.999,90601,300.150,34.700,334.850,160.919,1669336.000,108254.000,0.000,262293.000,28.000
209.086,1790928180.999,90601,302.190,34.720,336.910,161.135,1669336.000,108258.000,0.000,262591.000,28.000
210.086,1790928181.999,90601,304.220,34.750,338.970,161.348,1669336.000,108258.000,0.000,262857.000,28.000
211.087,1790928183.000,90601,306.260,34.770,341.030,161.559,1669336.000,108258.000,0.000,263123.000,28.000
212.087,1790928184.000,90601,308.300,34.790,343.090,161.768,1669336.000,108258.000,0.000,263392.000,28.000
213.087,1790928185.000,90601,310.330,34.820,345.150,161.976,1670488.000,108545.000,0.000,263686.000,28.000
214.088,1790928186.001,90601,312.360,34.850,347.210,162.181,1670488.000,108545.000,0.000,263959.000,28.000
215.088,1790928187.001,90601,314.410,34.860,349.270,162.385,1670488.000,108545.000,0.000,264223.000,28.000
216.088,1790928188.001,90601,316.450,34.880,351.330,162.586,1670488.000,108545.000,0.000,264489.000,28.000
217.089,1790928189.002,90601,318.500,34.910,353.410,162.795,1670488.000,108545.000,0.000,264781.000,28.000
218.089,1790928190.002,90601,320.550,34.920,355.470,162.993,1670488.000,108545.000,0.000,265053.000,28.000
219.090,1790928191.002,90601,322.590,34.940,357.530,163.189,1670488.000,108545.000,0.000,265314.000,28.000
220.090,1790928192.003,90601,324.630,34.960,359.590,163.383,1670488.000,108545.000,0.000,265584.000,28.000
221.090,1790928193.003,90601,326.660,35.000,361.660,163.580,1670488.000,108545.000,0.000,265867.000,28.000
222.090,1790928194.003,90601,328.700,35.020,363.720,163.771,1670488.000,108545.000,0.000,266132.000,28.000
223.091,1790928195.004,90601,330.740,35.050,365.790,163.965,1670488.000,108545.000,0.000,266402.000,28.000
224.091,1790928196.004,90601,332.780,35.070,367.850,164.152,1670488.000,108545.000,0.000,266666.000,28.000
225.092,1790928197.005,90601,334.800,35.110,369.910,164.338,1670488.000,108545.000,0.000,267377.000,28.000
226.092,1790928198.005,90601,336.830,35.140,371.970,164.522,1670488.000,108545.000,0.000,267811.000,28.000
227.092,1790928199.005,90601,338.870,35.160,374.030,164.704,1670488.000,108545.000,0.000,268075.000,28.000
228.093,1790928200.006,90601,340.900,35.200,376.100,164.889,1670488.000,108545.000,0.000,268340.000,28.000
229.093,1790928201.006,90601,342.930,35.240,378.170,165.073,1670488.000,108545.000,0.000,268636.000,28.000
230.093,1790928202.006,90601,344.980,35.260,380.240,165.255,1670488.000,108545.000,0.000,268900.000,28.000
231.094,1790928203.006,90601,347.010,35.280,382.290,165.427,1670488.000,108545.000,0.000,269170.000,28.000
232.094,1790928204.007,90601,349.040,35.320,384.360,165.605,1670488.000,108545.000,0.000,269443.000,28.000
233.094,1790928205.007,90601,351.070,35.360,386.430,165.783,1670488.000,108545.000,0.000,269733.000,28.000
234.095,1790928206.008,90601,353.110,35.380,388.490,165.954,1670488.000,108545.000,0.000,270000.000,28.000
235.095,1790928207.008,90601,355.130,35.420,390.550,166.124,1670488.000,108546.000,0.000,270262.000,28.000
236.095,1790928208.008,90601,357.160,35.450,392.610,166.293,1670488.000,108546.000,0.000,270538.000,28.000
237.096,1790928209.009,90601,359.200,35.480,394.680,166.465,1670488.000,108546.000,0.000,270828.000,28.000
238.096,1790928210.009,90601,361.230,35.520,396.750,166.635,1670488.000,108546.000,0.000,271095.000,28.000
239.096,1790928211.009,90601,363.260,35.550,398.810,166.799,1670488.000,108546.000,0.000,271361.000,28.000
240.097,1790928212.010,90601,365.290,35.580,400.870,166.962,1670488.000,108546.000,0.000,271630.000,28.000
241.097,1790928213.010,90601,367.320,35.620,402.940,167.128,1670488.000,108546.000,0.000,271917.000,28.000
242.097,1790928214.010,90601,369.350,35.650,405.000,167.288,1670488.000,108546.000,0.000,272182.000,28.000
243.097,1790928215.010,90601,371.390,35.670,407.060,167.447,1670488.000,108546.000,0.000,272444.000,28.000
244.098,1790928216.011,90601,373.420,35.700,409.120,167.605,1670488.000,108546.000,0.000,272713.000,28.000
245.098,1790928217.011,90601,375.450,35.740,411.190,167.765,1670488.000,108546.000,0.000,273005.000,28.000
246.099,1790928218.012,90601,377.480,35.770,413.250,167.920,1670488.000,108546.000,0.000,273269.000,28.000
247.099,1790928219.012,90601,379.520,35.790,415.310,168.074,1670488.000,108546.000,0.000,273538.000,28.000
248.099,1790928220.012,90601,381.560,35.810,417.370,168.227,1670488.000,108546.000,0.000,273807.000,28.000
249.100,1790928221.013,90601,383.590,35.830,419.420,168.374,1670488.000,108546.000,0.000,274175.000,28.000
250.100,1790928222.013,90601,385.600,35.860,421.460,168.516,1670488.000,108546.000,0.000,274614.000,29.000
251.100,1790928223.013,90601,387.620,35.880,423.500,168.658,1670488.000,108546.000,0.000,275048.000,29.000
252.101,1790928224.014,90601,389.640,35.900,425.540,168.798,1670488.000,108546.000,0.000,275478.000,29.000
253.101,1790928225.014,90601,391.660,35.920,427.580,168.936,1670488.000,108546.000,0.000,275924.000,29.000
254.102,1790928226.014,90601,393.670,35.950,429.620,169.074,1671512.000,108798.000,0.000,276328.000,29.000
255.102,1790928227.015,90601,395.690,35.970,431.660,169.211,1671512.000,108798.000,0.000,276735.000,29.000
256.102,1790928228.015,90601,397.710,35.990,433.700,169.346,1671512.000,108798.000,0.000,277144.000,29.000
257.103,1790928229.016,90601,399.730,36.020,435.750,169.485,1671512.000,108798.000,0.000,277585.000,30.000
258.103,1790928230.016,90601,401.750,36.040,437.790,169.618,1671512.000,108798.000,0.000,278000.000,31.000
259.103,1790928231.016,90601,403.770,36.060,439.830,169.751,1671512.000,108798.000,0.000,278403.000,31.000
260.104,1790928232.017,90601,405.800,36.080,441.880,169.886,1671512.000,108798.000,0.000,278801.000,31.000
261.104,1790928233.017,90601,407.820,36.100,443.920,170.017,1671512.000,108798.000,0.000,279227.000,31.000
262.104,1790928234.017,90601,409.850,36.120,445.970,170.150,1671512.000,108798.000,0.000,279613.000,31.000
263.105,1790928235.018,90601,411.870,36.140,448.010,170.278,1671512.000,108798.000,0.000,280006.000,31.000
264.105,1790928236.018,90601,413.900,36.150,450.050,170.406,1671512.000,108798.000,0.000,280377.000,31.000
265.105,1790928237.018,90601,415.920,36.170,452.090,170.532,1671512.000,108798.000,0.000,280748.000,31.000
266.106,1790928238.019,90601,417.940,36.200,454.140,170.661,1671512.000,108798.000,0.000,281115.000,31.000
267.106,1790928239.019,90601,419.950,36.230,456.180,170.786,1671512.000,108798.000,0.000,281502.000,31.000
268.106,1790928240.019,90601,421.970,36.240,458.210,170.906,1671512.000,108798.000,0.000,281917.000,31.000
269.107,1790928241.020,90601,424.000,36.260,460.260,171.032,1671512.000,108798.000,0.000,282355.000,31.000
270.107,1790928242.020,90601,426.010,36.280,462.290,171.151,1671512.000,108798.000,0.000,282737.000,32.000
271.108,1790928243.020,90601,428.020,36.320,464.340,171.275,1671512.000,108798.000,0.000,283101.000,33.000
272.108,1790928244.021,90601,430.040,36.340,466.380,171.395,1671512.000,108798.000,0.000,283511.000,34.000
273.108,1790928245.021,90601,432.060,36.360,468.420,171.514,1671512.000,108798.000,0.000,283926.000,34.000
274.109,1790928246.022,90601,434.070,36.390,470.460,171.633,1671512.000,108798.000,0.000,284303.000,34.000
275.109,1790928247.022,90601,436.080,36.410,472.490,171.746,1671512.000,108798.000,0.000,284706.000,34.000
276.109,1790928248.022,90601,438.110,36.430,474.540,171.867,1671512.000,108798.000,0.000,285107.000,34.000
277.110,1790928249.023,90601,440.120,36.460,476.580,171.982,1671512.000,108798.000,0.000,285511.000,34.000
278.110,1790928250.023,90601,442.130,36.480,478.610,172.094,1671512.000,108798.000,0.000,285903.000,34.000
279.110,1790928251.023,90601,444.150,36.510,480.660,172.211,1671512.000,108798.000,0.000,286296.000,35.000
280.111,1790928252.024,90601,446.170,36.530,482.700,172.325,1671512.000,108798.000,0.000,286674.000,35.000
281.111,1790928253.024,90601,448.170,36.570,484.740,172.437,1671512.000,108798.000,0.000,287071.000,35.000
282.111,1790928254.024,90601,450.180,36.600,486.780,172.549,1671512.000,108798.000,0.000,287461.000,35.000
283.112,1790928255.025,90601,452.200,36.630,488.830,172.663,1671512.000,108798.000,0.000,287857.000,35.000
284.112,1790928256.025,90601,454.210,36.650,490.860,172.770,1671512.000,108798.000,0.000,288253.000,35.000
285.113,1790928257.026,90601,456.230,36.670,492.900,172.879,1671512.000,108798.000,0.000,288658.000,35.000
286.113,1790928258.026,90601,458.240,36.700,494.940,172.988,1671512.000,108798.000,0.000,289058.000,35.000
287.113,1790928259.026,90601,460.260,36.730,496.990,173.099,1671512.000,108798.000,0.000,289464.000,35.000
288.114,1790928260.027,90601,462.260,36.760,499.020,173.202,1671512.000,108798.000,0.000,289863.000,35.000
289.114,1790928261.027,90601,464.260,36.800,501.060,173.309,1671512.000,108798.000,0.000,290269.000,35.000
290.114,1790928262.027,90601,466.300,36.820,503.120,173.421,1671512.000,108798.000,0.000,290632.000,35.000
291.115,1790928263.028,90601,468.330,36.840,505.170,173.530,1671512.000,108798.000,0.000,290990.000,35.000
292.115,1790928264.028,90601,470.360,36.870,507.230,173.640,1671512.000,108798.000,0.000,291356.000,35.000
293.115,1790928265.028,90601,472.390,36.900,509.290,173.751,1671512.000,108798.000,0.000,291718.000,35.000
294.116,1790928266.029,90601,474.430,36.920,511.350,173.860,1671512.000,108798.000,0.000,292083.000,35.000
295.116,1790928267.029,90601,476.460,36.950,513.410,173.969,1671512.000,108798.000,0.000,292441.000,35.000
296.116,1790928268.029,90601,478.490,36.970,515.460,174.073,1671512.000,108798.000,0.000,292792.000,35.000
297.117,1790928269.030,90601,480.530,36.990,517.520,174.181,1671512.000,108798.000,0.000,293171.000,35.000
298.117,1790928270.030,90601,482.570,37.020,519.590,174.291,1671512.000,108798.000,0.000,293558.000,35.000
299.118,1790928271.031,90601,484.610,37.030,521.640,174.393,1671512.000,108798.000,0.000,293929.000,35.000
300.118,1790928272.031,90601,486.640,37.050,523.690,174.495,1671512.000,108798.000,0.000,294263.000,35.000
301.118,1790928273.031,90601,488.680,37.090,525.770,174.606,1671512.000,108798.000,0.000,294649.000,35.000
302.119,1790928274.032,90601,490.710,37.110,527.820,174.706,1671512.000,108798.000,0.000,295013.000,35.000
