metric,run,value,unit,evidence
single_gate,01,1,bool,/home/mo/xk6/evidence/2026-10-02_t490-single-perf3-01-152259
single_first_navigation,01,75,s,/home/mo/xk6/evidence/2026-10-02_t490-single-perf3-01-152259
single_hold,01,135,s,/home/mo/xk6/evidence/2026-10-02_t490-single-perf3-01-152259
first_passing_screendump,01,180.200000,s,/home/mo/xk6/evidence/2026-10-02_t490-single-perf3-01-152259
page_assertion,01,1,bool,/home/mo/xk6/evidence/2026-10-02_t490-single-perf3-01-152259
single_gate,02,1,bool,/home/mo/xk6/evidence/2026-10-02_t490-single-perf3-02-152827
single_first_navigation,02,75,s,/home/mo/xk6/evidence/2026-10-02_t490-single-perf3-02-152827
single_hold,02,135,s,/home/mo/xk6/evidence/2026-10-02_t490-single-perf3-02-152827
first_passing_screendump,02,180.200000,s,/home/mo/xk6/evidence/2026-10-02_t490-single-perf3-02-152827
page_assertion,02,1,bool,/home/mo/xk6/evidence/2026-10-02_t490-single-perf3-02-152827
single_gate,03,1,bool,/home/mo/xk6/evidence/2026-10-02_t490-single-perf3-03-153356
single_first_navigation,03,75,s,/home/mo/xk6/evidence/2026-10-02_t490-single-perf3-03-153356
single_hold,03,135,s,/home/mo/xk6/evidence/2026-10-02_t490-single-perf3-03-153356
first_passing_screendump,03,180.200000,s,/home/mo/xk6/evidence/2026-10-02_t490-single-perf3-03-153356
page_assertion,03,1,bool,/home/mo/xk6/evidence/2026-10-02_t490-single-perf3-03-153356
single_gate,04,1,bool,/home/mo/xk6/evidence/2026-10-02_t490-single-perf3-04-153925
single_first_navigation,04,75,s,/home/mo/xk6/evidence/2026-10-02_t490-single-perf3-04-153925
single_hold,04,135,s,/home/mo/xk6/evidence/2026-10-02_t490-single-perf3-04-153925
first_passing_screendump,04,180.200000,s,/home/mo/xk6/evidence/2026-10-02_t490-single-perf3-04-153925
page_assertion,04,1,bool,/home/mo/xk6/evidence/2026-10-02_t490-single-perf3-04-153925
single_gate,05,1,bool,/home/mo/xk6/evidence/2026-10-02_t490-single-perf3-05-154454
single_first_navigation,05,75,s,/home/mo/xk6/evidence/2026-10-02_t490-single-perf3-05-154454
single_hold,05,135,s,/home/mo/xk6/evidence/2026-10-02_t490-single-perf3-05-154454
first_passing_screendump,05,180.200000,s,/home/mo/xk6/evidence/2026-10-02_t490-single-perf3-05-154454
page_assertion,05,1,bool,/home/mo/xk6/evidence/2026-10-02_t490-single-perf3-05-154454
