elapsed_sec,epoch_sec,browser_pid,browser_alive,weston_alive,rss_kb,navigation_started
0,1790922712,48,1,1,0,0
15,1790922728,48,1,1,0,0
30,1790922744,48,1,1,0,0
45,1790922760,48,1,1,0,0
60,1790922776,48,1,1,0,0
75,1790922792,48,1,1,0,1
90,1790922808,48,1,1,0,1
105,1790922824,48,1,1,0,1
120,1790922839,48,1,1,0,1
135,1790922855,48,1,1,0,1
150,1790922871,48,1,1,0,1
165,1790922886,48,1,1,0,1
180,1790922902,48,1,1,0,1
195,1790922918,48,1,1,0,1
210,1790922933,48,1,1,0,1
225,1790922949,48,1,1,0,1
240,1790922964,48,1,1,0,1
255,1790922980,48,1,1,0,1
270,1790922996,48,1,1,0,1
285,1790923011,48,1,1,0,1
300,1790923027,48,1,1,0,1
315,1790923043,48,1,1,0,1
330,1790923059,48,1,1,0,1
345,1790923074,48,1,1,0,1
360,1790923090,48,1,1,0,1
375,1790923106,48,1,1,0,1
390,1790923121,48,1,1,0,1
405,1790923137,48,1,1,0,1
420,1790923153,48,1,1,0,1
435,1790923168,48,1,1,0,1
450,1790923184,48,1,1,0,1
465,1790923200,48,1,1,0,1
480,1790923215,48,1,1,0,1
495,1790923231,48,1,1,0,1
510,1790923247,48,1,1,0,1
525,1790923262,48,1,1,0,1
540,1790923278,48,1,1,0,1
555,1790923294,48,1,1,0,1
570,1790923309,48,1,1,0,1
585,1790923325,48,1,1,0,1
600,1790923341,48,1,1,0,1
